Genome,Scheme,ST,coxA,gatB,hcpA,fbpA,ftsZ
GCF_000331595.fna.gz,wolbachia,-,11,246,101,4,209
GCF_017869155.fna.gz,wolbachia,-,321,7,7,8,3
GCF_017869285.fna.gz,wolbachia,-,,88,258,120,3
GCF_014129615.fna.gz,wolbachia,10,1,1,1,2,3
GCF_008033215.fna.gz,wolbachia,17,23,22,24,23,3
GCF_000829315.fna.gz,wolbachia,8,27,26,31,28,24
GCF_002907405.fna.gz,wolbachia,17,23,22,24,23,3
GCF_002907525.fna.gz,wolbachia,1,1,1,1,1,1
GCF_013365455.fna.gz,wolbachia,-,,,,,
GCF_013365475.fna.gz,wolbachia,-,,,,,
GCF_018690095.fna.gz,wolbachia,14,1,1,27,1,3
GCF_014129685.fna.gz,wolbachia,34,15,14,16,15,13
GCF_002907445.fna.gz,wolbachia,1,1,1,1,1,1
GCF_014129535.fna.gz,wolbachia,11,10,10,11,24,14
GCF_014354335.fna.gz,wolbachia,1,1,1,1,1,1
GCF_014107475.fna.gz,wolbachia,-,2,23,86,26,21
GCF_004795415.fna.gz,wolbachia,464,229,242,166,27,210
GCF_010820705.fna.gz,wolbachia,-,,,,,
GCF_012277315.fna.gz,wolbachia,-,,,,,
GCF_001758565.fna.gz,wolbachia,-,1,1,,1,
GCF_900097055.fna.gz,wolbachia,166,88,105,106,165,7
GCF_902713645.fna.gz,wolbachia,-,6,7,7,8,
GCF_014333535.fna.gz,wolbachia,52,2,22,51,36,32
GCF_012277295.fna.gz,wolbachia,-,,,,,
GCF_007972595.fna.gz,wolbachia,-,1,,1,1,1
GCF_014129645.fna.gz,wolbachia,-,37,,,62,3
GCF_016031645.fna.gz,wolbachia,-,321,7,7,8,3
GCF_014129565.fna.gz,wolbachia,12,10,10,11,11,14
GCF_000204545.fna.gz,wolbachia,26,8,9,9,9,7
GCF_014129515.fna.gz,wolbachia,17,23,22,24,23,3
GCF_016584325.fna.gz,wolbachia,1,1,1,1,1,1
GCF_018491735.fna.gz,wolbachia,-,274,279,302,445,240
GCF_018689955.fna.gz,wolbachia,13,1,1,1,1,3
GCF_004795975.fna.gz,wolbachia,15,4,5,5,6,4
GCF_002379145.fna.gz,wolbachia,464,229,242,166,27,210
GCF_004795955.fna.gz,wolbachia,15,4,5,5,6,4
GCF_007115015.fna.gz,wolbachia,213,11,106,13,162,105
GCF_014354315.fna.gz,wolbachia,19,6,7,7,8,3
GCF_017896345.fna.gz,wolbachia,1,1,1,1,1,1
GCF_014129525.fna.gz,wolbachia,14,1,1,27,1,3
GCF_018690035.fna.gz,wolbachia,15,4,5,5,6,4
GCF_014129655.fna.gz,wolbachia,13,1,1,1,1,3
GCF_002300525.fna.gz,wolbachia,17,23,22,24,23,3
GCF_012030695.fna.gz,wolbachia,-,,,,,
GCF_013096355.fna.gz,wolbachia,-,11,246,101,4,209
GCF_007972745.fna.gz,wolbachia,1,1,1,1,1,1
GCF_014129605.fna.gz,wolbachia,-,221,129,128,118,99
GCF_017896245.fna.gz,wolbachia,1,1,1,1,1,1
GCF_000073005.fna.gz,wolbachia,9,3,4,3,4,22
GCF_005862095.fna.gz,wolbachia,13,1,1,1,1,3
GCF_007115045.fna.gz,wolbachia,163,87,107,29,27,35
GCF_013096725.fna.gz,wolbachia,-,11,246,101,4,209
GCF_013317055.fna.gz,wolbachia,-,,,,,
GCF_017604245.fna.gz,wolbachia,13,1,1,1,1,3
GCF_017916155.fna.gz,wolbachia,1,1,1,1,1,1
GCF_001983615.fna.gz,wolbachia,"23,352",7,8,198,1,6
GCF_018454455.fna.gz,wolbachia,101,58,53,85,79,70
GCF_018454475.fna.gz,wolbachia,158,84,8,103,160,79
GCF_006542295.fna.gz,wolbachia,19,6,7,7,8,3
GCF_016584375.fna.gz,wolbachia,1,1,1,1,1,1
GCF_017896265.fna.gz,wolbachia,1,1,1,1,1,1
GCF_003671365.fna.gz,wolbachia,17,23,22,24,23,3
GCF_014354345.fna.gz,wolbachia,1,1,1,1,1,1
GCF_017896285.fna.gz,wolbachia,1,1,1,1,1,1
GCF_006334525.fna.gz,wolbachia,303,126,9,148,201,7
GCF_000022285.fna.gz,wolbachia,17,23,22,24,23,3
GCF_003671405.fna.gz,wolbachia,-,23,22,24,23,
GCF_004685025.fna.gz,wolbachia,15,4,5,5,6,4
GCF_000333775.fna.gz,wolbachia,125,14,4,40,4,73
GCF_017916175.fna.gz,wolbachia,17,23,22,24,23,3
GCF_018141665.fna.gz,wolbachia,37,9,9,6,10,8
GCF_018467115.fna.gz,wolbachia,13,1,1,1,1,3
GCF_016584405.fna.gz,wolbachia,1,1,1,1,1,1
GCF_005862115.fna.gz,wolbachia,13,1,1,1,1,3
GCF_005862135.fna.gz,wolbachia,13,1,1,1,1,3
GCF_007971685.fna.gz,wolbachia,1,1,1,1,1,1
GCF_014534705.fna.gz,wolbachia,-,,,,,
GCF_017896365.fna.gz,wolbachia,1,1,1,1,1,1
GCF_013309895.fna.gz,wolbachia,-,,,,,
GCF_004171285.fna.gz,wolbachia,464,229,242,166,27,210
GCF_001637495.fna.gz,wolbachia,213,11,106,13,162,105
GCF_000174095.fna.gz,wolbachia,"23,352",7,8,198,1,6
GCF_003999585.fna.gz,wolbachia,377,88,207,13,9,170
GCF_009012935.fna.gz,wolbachia,25,17,11,18,17,3
GCF_013096535.fna.gz,wolbachia,-,11,246,101,4,209
GCF_013365435.fna.gz,wolbachia,-,,,,,
GCF_001027565.fna.gz,wolbachia,6,13,13,14,13,9
GCF_016584425.fna.gz,wolbachia,1,1,1,1,1,1
GCF_017896305.fna.gz,wolbachia,1,1,1,1,1,1
GCF_018467135.fna.gz,wolbachia,13,1,1,1,1,3
GCF_018491625.fna.gz,wolbachia,492,275,280,303,446,241
GCF_018555315.fna.gz,wolbachia,302,14,9,143,4,73
GCF_016584355.fna.gz,wolbachia,1,1,1,1,1,1
GCF_004795935.fna.gz,wolbachia,35,29,28,33,30,26
GCF_014107455.fna.gz,wolbachia,201,110,130,129,102,100
GCF_017896325.fna.gz,wolbachia,1,1,1,1,1,1
GCF_902713635.fna.gz,wolbachia,-,84,,,,70
GCF_000008385.fna.gz,wolbachia,35,29,28,33,30,26
GCF_008245065.fna.gz,wolbachia,136,14,96,3,4,73
GCF_009732755.fna.gz,wolbachia,101,58,53,85,79,70
GCF_000008025.fna.gz,wolbachia,1,1,1,1,1,1
GCF_018454445.fna.gz,wolbachia,160,85,101,40,4,22
GCF_002204235.fna.gz,wolbachia,-,,,,,
GCF_002318985.fna.gz,wolbachia,41,14,39,40,4,36
GCF_001752665.fna.gz,wolbachia,-,,,,,
GCF_013366855.fna.gz,wolbachia,-,,,,,
GCF_001931755.fna.gz,wolbachia,244,148,171,179,227,135
GCF_002374845.fna.gz,wolbachia,464,229,242,166,27,210
GCF_001266585.fna.gz,wolbachia,-,14,39,,4,36
GCF_001439985.fna.gz,wolbachia,-,276,21,,452,19
GCF_001675695.fna.gz,wolbachia,-,,,,15,
GCF_001675715.fna.gz,wolbachia,-,,,,15,
GCF_001675775.fna.gz,wolbachia,-,,,,15,
GCF_001983635.fna.gz,wolbachia,"23,352",7,8,198,1,6
GCF_013365495.fna.gz,wolbachia,-,,,,,
GCF_013366805.fna.gz,wolbachia,-,,,,,
GCF_003344345.fna.gz,wolbachia,-,,,,,
GCF_003671375.fna.gz,wolbachia,17,23,22,24,23,3
GCF_013458815.fna.gz,wolbachia,-,11,246,101,4,209
GCF_000156735.fna.gz,wolbachia,9,3,4,3,4,22
GCF_000167475.fna.gz,wolbachia,17,23,22,24,23,3
GCF_000242415.fna.gz,wolbachia,464,229,242,166,27,210
GCF_000306885.fna.gz,wolbachia,-,,,,,
GCF_000333795.fna.gz,wolbachia,17,23,22,24,23,3
GCF_000376585.fna.gz,wolbachia,16,4,5,4,5,4
GCF_000376605.fna.gz,wolbachia,19,6,7,7,8,3
GCF_000475015.fna.gz,wolbachia,1,1,1,1,1,1
GCF_000530755.fna.gz,wolbachia,-,,,,,
GCF_000689175.fna.gz,wolbachia,-,128,141,23,,
GCF_000723225.fna.gz,wolbachia,9,3,4,3,4,22
GCF_000742435.fna.gz,wolbachia,13,1,1,1,1,3
GCF_001675785.fna.gz,wolbachia,-,,,,15,
